dataset,metric,run,accuracy,log_loss,tree_depth,tree_size,training_time,n_features,n_classes,n_samples
iris,gini,0,0.9111111111111111,3.2038803012548582,5,15,0.0671091079711914,4,3,150
iris,shannon,0,0.9333333333333333,2.4029102259411435,6,15,0.06427288055419922,4,3,150
iris,misclassification,0,0.9111111111111111,3.2038803012548582,4,13,0.06649470329284668,4,3,150
iris,renyi_0.5,0,0.9555555555555556,1.6019401506274291,8,17,0.06744265556335449,4,3,150
iris,renyi_2.0,0,0.9111111111111111,3.2038803012548582,5,15,0.08662056922912598,4,3,150
iris,tsallis_0.5,0,0.9555555555555556,1.6019401506274291,8,17,0.06580305099487305,4,3,150
iris,tsallis_1.3,0,0.9333333333333333,2.4029102259411435,6,15,0.08460736274719238,4,3,150
iris,tsallis_2.0,0,0.9111111111111111,3.2038803012548582,5,15,0.07027339935302734,4,3,150
iris,norm_tsallis_1.3,0,0.9333333333333333,2.4029102259411435,6,15,0.0731508731842041,4,3,150
iris,kumaraswamy,0,0.9111111111111111,3.2038803012548582,4,11,0.06518292427062988,4,3,150
iris,cross_entropy,0,0.5777777777777777,15.218431430960575,1,3,0.05787086486816406,4,3,150
iris,kl_divergence,0,0.3333333333333333,24.02910225941144,0,1,0.00060272216796875,4,3,150
iris,js_divergence,0,0.3333333333333333,24.02910225941144,0,1,0.0005879402160644531,4,3,150
iris,hellinger,0,0.3333333333333333,24.02910225941144,0,1,0.0006327629089355469,4,3,150
iris,energy,0,0.3333333333333333,24.02910225941144,0,1,0.0005462169647216797,4,3,150
iris,polarization_3.5,0,0.6666666666666666,12.014551129705719,1,3,0.04813981056213379,4,3,150
iris,bregman_squared,0,0.3333333333333333,24.02910225941144,0,1,0.0009236335754394531,4,3,150
iris,bregman_entropy,0,0.3333333333333333,24.02910225941144,0,1,0.0007021427154541016,4,3,150
iris,itc,0,0.9111111111111111,3.2038803012548582,5,15,0.12022948265075684,4,3,150
iris,itc_alpha1.3,0,0.9333333333333333,2.4029102259411435,6,15,0.11150574684143066,4,3,150
iris,itc_alpha1.7,0,0.9111111111111111,3.2038803012548582,5,15,0.10593771934509277,4,3,150
iris,shannon_polarization,0,0.9333333333333333,2.4029102259411435,6,15,0.10152792930603027,4,3,150
iris,tsallis_hellinger,0,0.9111111111111111,3.2038803012548582,5,15,0.1594080924987793,4,3,150
iris,gini,1,0.9555555555555556,1.6019401506274291,6,19,0.07271599769592285,4,3,150
iris,shannon,1,0.9777777777777777,0.8009700753137147,6,17,0.07608461380004883,4,3,150
iris,misclassification,1,1.0,2.2204460492503136e-16,4,13,0.06396102905273438,4,3,150
iris,renyi_0.5,1,0.9777777777777777,0.8009700753137147,6,17,0.07590723037719727,4,3,150
iris,renyi_2.0,1,0.9555555555555556,1.6019401506274291,6,19,0.10091567039489746,4,3,150
iris,tsallis_0.5,1,0.9777777777777777,0.8009700753137147,6,17,0.07372283935546875,4,3,150
iris,tsallis_1.3,1,0.9555555555555556,1.6019401506274291,6,19,0.09487605094909668,4,3,150
iris,tsallis_2.0,1,0.9555555555555556,1.6019401506274291,6,19,0.08401250839233398,4,3,150
iris,norm_tsallis_1.3,1,0.9555555555555556,1.6019401506274291,6,19,0.10597491264343262,4,3,150
iris,kumaraswamy,1,1.0,2.2204460492503136e-16,4,9,0.06926584243774414,4,3,150
iris,cross_entropy,1,0.5777777777777777,15.218431430960575,1,3,0.05524301528930664,4,3,150
iris,kl_divergence,1,0.3333333333333333,24.029102259411438,0,1,0.0004742145538330078,4,3,150
iris,js_divergence,1,0.3333333333333333,24.029102259411438,0,1,0.0004956722259521484,4,3,150
iris,hellinger,1,0.3333333333333333,24.029102259411438,0,1,0.0004699230194091797,4,3,150
iris,energy,1,0.3333333333333333,24.029102259411438,0,1,0.00047707557678222656,4,3,150
iris,polarization_3.5,1,0.6666666666666666,12.014551129705719,2,5,0.062084197998046875,4,3,150
iris,bregman_squared,1,0.3333333333333333,24.029102259411438,0,1,0.0008983612060546875,4,3,150
iris,bregman_entropy,1,0.3333333333333333,24.029102259411438,0,1,0.0006668567657470703,4,3,150
iris,itc,1,0.9777777777777777,0.8009700753137147,5,15,0.13826203346252441,4,3,150
iris,itc_alpha1.3,1,0.9777777777777777,0.8009700753137147,5,15,0.13028740882873535,4,3,150
iris,itc_alpha1.7,1,0.9777777777777777,0.8009700753137147,5,15,0.12815451622009277,4,3,150
iris,shannon_polarization,1,0.9555555555555556,1.6019401506274291,6,19,0.13324832916259766,4,3,150
iris,tsallis_hellinger,1,0.9777777777777777,0.8009700753137147,5,15,0.18372797966003418,4,3,150
iris,gini,2,0.9555555555555556,1.6019401506274291,4,13,0.05713152885437012,4,3,150
iris,shannon,2,0.9555555555555556,1.6019401506274291,4,13,0.06137275695800781,4,3,150
iris,misclassification,2,0.9555555555555556,1.6019401506274291,4,13,0.06787467002868652,4,3,150
iris,renyi_0.5,2,0.9555555555555556,1.6019401506274291,9,19,0.08160901069641113,4,3,150
iris,renyi_2.0,2,0.9555555555555556,1.6019401506274291,4,13,0.08674049377441406,4,3,150
iris,tsallis_0.5,2,0.9555555555555556,1.6019401506274291,9,19,0.06696844100952148,4,3,150
iris,tsallis_1.3,2,0.9555555555555556,1.6019401506274291,4,13,0.07831430435180664,4,3,150
iris,tsallis_2.0,2,0.9555555555555556,1.6019401506274291,4,13,0.07543325424194336,4,3,150
iris,norm_tsallis_1.3,2,0.9555555555555556,1.6019401506274291,4,13,0.07783198356628418,4,3,150
iris,kumaraswamy,2,0.9555555555555556,1.6019401506274291,3,7,0.06598472595214844,4,3,150
iris,cross_entropy,2,0.6222222222222222,13.616491280333147,2,5,0.08144330978393555,4,3,150
iris,kl_divergence,2,0.3333333333333333,24.02910225941144,0,1,0.0005085468292236328,4,3,150
iris,js_divergence,2,0.3333333333333333,24.02910225941144,0,1,0.0004982948303222656,4,3,150
iris,hellinger,2,0.3333333333333333,24.02910225941144,0,1,0.0005223751068115234,4,3,150
iris,energy,2,0.3333333333333333,24.02910225941144,0,1,0.0006847381591796875,4,3,150
iris,polarization_3.5,2,0.6666666666666666,12.014551129705719,1,3,0.04183244705200195,4,3,150
iris,bregman_squared,2,0.3333333333333333,24.02910225941144,0,1,0.0005035400390625,4,3,150
iris,bregman_entropy,2,0.3333333333333333,24.02910225941144,0,1,0.0006093978881835938,4,3,150
iris,itc,2,0.9555555555555556,1.6019401506274291,4,11,0.11298322677612305,4,3,150
iris,itc_alpha1.3,2,0.9555555555555556,1.6019401506274291,4,11,0.12160587310791016,4,3,150
iris,itc_alpha1.7,2,0.9555555555555556,1.6019401506274291,4,11,0.12210202217102051,4,3,150
iris,shannon_polarization,2,0.9555555555555556,1.6019401506274291,4,13,0.10864710807800293,4,3,150
iris,tsallis_hellinger,2,0.9555555555555556,1.6019401506274291,5,15,0.1797022819519043,4,3,150
iris,gini,3,0.8444444444444444,5.606790527196001,4,11,0.06418538093566895,4,3,150
iris,shannon,3,0.8444444444444444,5.606790527196001,4,11,0.07411003112792969,4,3,150
iris,misclassification,3,0.9333333333333333,2.4029102259411435,3,9,0.06891727447509766,4,3,150
iris,renyi_0.5,3,0.8222222222222222,6.4077606025097165,6,13,0.08082962036132812,4,3,150
iris,renyi_2.0,3,0.8444444444444444,5.606790527196001,4,11,0.07883739471435547,4,3,150
iris,tsallis_0.5,3,0.8222222222222222,6.4077606025097165,6,13,0.07236051559448242,4,3,150
iris,tsallis_1.3,3,0.8444444444444444,5.606790527196001,4,11,0.07497286796569824,4,3,150
iris,tsallis_2.0,3,0.8444444444444444,5.606790527196001,4,11,0.06072378158569336,4,3,150
iris,norm_tsallis_1.3,3,0.8444444444444444,5.606790527196001,4,11,0.07925057411193848,4,3,150
iris,kumaraswamy,3,0.9333333333333333,2.4029102259411435,3,7,0.0596160888671875,4,3,150
iris,cross_entropy,3,0.5777777777777777,15.218431430960575,2,5,0.08733105659484863,4,3,150
iris,kl_divergence,3,0.3333333333333333,24.029102259411438,0,1,0.0005927085876464844,4,3,150
iris,js_divergence,3,0.3333333333333333,24.029102259411438,0,1,0.0008547306060791016,4,3,150
iris,hellinger,3,0.3333333333333333,24.029102259411438,0,1,0.0005784034729003906,4,3,150
iris,energy,3,0.3333333333333333,24.029102259411438,0,1,0.0005626678466796875,4,3,150
iris,polarization_3.5,3,0.6666666666666666,12.014551129705719,1,3,0.04746723175048828,4,3,150
iris,bregman_squared,3,0.3333333333333333,24.029102259411438,0,1,0.0006029605865478516,4,3,150
iris,bregman_entropy,3,0.3333333333333333,24.029102259411438,0,1,0.0006873607635498047,4,3,150
iris,itc,3,0.8444444444444444,5.606790527196001,4,11,0.10282254219055176,4,3,150
iris,itc_alpha1.3,3,0.8444444444444444,5.606790527196001,4,11,0.10355019569396973,4,3,150
iris,itc_alpha1.7,3,0.8444444444444444,5.606790527196001,4,11,0.0907135009765625,4,3,150
iris,shannon_polarization,3,0.8444444444444444,5.606790527196001,4,11,0.09672927856445312,4,3,150
iris,tsallis_hellinger,3,0.8444444444444444,5.606790527196001,4,11,0.12878084182739258,4,3,150
iris,gini,4,0.9111111111111111,3.2038803012548582,5,13,0.06383347511291504,4,3,150
iris,shannon,4,0.9111111111111111,3.2038803012548582,6,13,0.06725168228149414,4,3,150
iris,misclassification,4,0.9111111111111111,3.2038803012548582,5,13,0.07932615280151367,4,3,150
iris,renyi_0.5,4,0.9111111111111111,3.2038803012548582,6,13,0.06600832939147949,4,3,150
iris,renyi_2.0,4,0.9111111111111111,3.2038803012548582,5,13,0.07150864601135254,4,3,150
iris,tsallis_0.5,4,0.9111111111111111,3.2038803012548582,6,13,0.05485677719116211,4,3,150
iris,tsallis_1.3,4,0.9111111111111111,3.2038803012548582,5,11,0.07035613059997559,4,3,150
iris,tsallis_2.0,4,0.9111111111111111,3.2038803012548582,5,13,0.07246732711791992,4,3,150
iris,norm_tsallis_1.3,4,0.9111111111111111,3.2038803012548582,5,11,0.07003927230834961,4,3,150
iris,kumaraswamy,4,0.9111111111111111,3.2038803012548582,2,5,0.055184364318847656,4,3,150
iris,cross_entropy,4,0.4888888888888889,18.42231173221543,2,5,0.08221602439880371,4,3,150
iris,kl_divergence,4,0.3333333333333333,24.029102259411438,0,1,0.0005006790161132812,4,3,150
iris,js_divergence,4,0.3333333333333333,24.029102259411438,0,1,0.0005390644073486328,4,3,150
iris,hellinger,4,0.3333333333333333,24.029102259411438,0,1,0.0004863739013671875,4,3,150
iris,energy,4,0.3333333333333333,24.029102259411438,0,1,0.0008740425109863281,4,3,150
iris,polarization_3.5,4,0.6666666666666666,12.014551129705719,2,5,0.058901309967041016,4,3,150
iris,bregman_squared,4,0.3333333333333333,24.029102259411438,0,1,0.0005147457122802734,4,3,150
iris,bregman_entropy,4,0.3333333333333333,24.029102259411438,0,1,0.0005576610565185547,4,3,150
iris,itc,4,0.9111111111111111,3.2038803012548582,4,9,0.09524893760681152,4,3,150
iris,itc_alpha1.3,4,0.9111111111111111,3.2038803012548582,4,9,0.1000058650970459,4,3,150
iris,itc_alpha1.7,4,0.9111111111111111,3.2038803012548582,4,9,0.09992313385009766,4,3,150
iris,shannon_polarization,4,0.9111111111111111,3.2038803012548582,6,13,0.0903012752532959,4,3,150
iris,tsallis_hellinger,4,0.8888888888888888,4.004850376568572,4,15,0.12877774238586426,4,3,150
wine,gini,0,0.9444444444444444,2.0024251882842865,4,15,0.5569541454315186,13,3,178
wine,shannon,0,0.8888888888888888,4.004850376568573,3,11,0.552325963973999,13,3,178
wine,misclassification,0,0.9074074074074074,3.3373753138071436,3,15,0.5718784332275391,13,3,178
wine,renyi_0.5,0,0.8888888888888888,4.004850376568573,3,11,0.5879707336425781,13,3,178
wine,renyi_2.0,0,0.8333333333333334,6.007275564852859,6,21,0.8822438716888428,13,3,178
wine,tsallis_0.5,0,0.8888888888888888,4.004850376568573,3,11,0.5223803520202637,13,3,178
wine,tsallis_1.3,0,0.9444444444444444,2.0024251882842865,4,15,0.7028522491455078,13,3,178
wine,tsallis_2.0,0,0.9444444444444444,2.0024251882842865,4,15,0.6560168266296387,13,3,178
wine,norm_tsallis_1.3,0,0.9814814814814815,0.6674750627614289,4,15,0.6208267211914062,13,3,178
wine,kumaraswamy,0,0.9444444444444444,2.0024251882842865,5,19,0.912261962890625,13,3,178
wine,cross_entropy,0,0.6481481481481481,12.682026192467147,3,11,0.9693307876586914,13,3,178
wine,kl_divergence,0,0.3888888888888889,22.026677071127157,1,3,0.520313024520874,13,3,178
wine,js_divergence,0,0.3888888888888889,22.026677071127157,1,3,0.5776340961456299,13,3,178
wine,hellinger,0,0.3888888888888889,22.026677071127157,1,3,0.5837757587432861,13,3,178
wine,energy,0,0.3888888888888889,22.026677071127157,3,7,0.5283806324005127,13,3,178
wine,polarization_3.5,0,0.8888888888888888,4.004850376568573,6,15,1.1226093769073486,13,3,178
wine,bregman_squared,0,0.3888888888888889,22.026677071127157,1,3,0.5240769386291504,13,3,178
wine,bregman_entropy,0,0.3888888888888889,22.026677071127157,1,3,0.7967963218688965,13,3,178
wine,itc,0,0.8888888888888888,4.004850376568573,7,19,1.499283790588379,13,3,178
wine,itc_alpha1.3,0,0.8888888888888888,4.004850376568573,7,19,1.5249311923980713,13,3,178
wine,itc_alpha1.7,0,0.8888888888888888,4.004850376568573,5,15,1.3275187015533447,13,3,178
wine,shannon_polarization,0,0.9629629629629629,1.3349501255228575,5,17,1.2121953964233398,13,3,178
wine,tsallis_hellinger,0,0.9444444444444444,2.0024251882842865,3,9,1.0648138523101807,13,3,178
wine,gini,1,0.9444444444444444,2.0024251882842865,4,15,0.46690869331359863,13,3,178
wine,shannon,1,0.9259259259259259,2.669900251045715,4,13,0.589181661605835,13,3,178
wine,misclassification,1,0.9074074074074074,3.3373753138071436,5,19,0.6243641376495361,13,3,178
wine,renyi_0.5,1,0.9259259259259259,2.669900251045715,3,9,0.5288612842559814,13,3,178
wine,renyi_2.0,1,0.9444444444444444,2.0024251882842865,4,15,0.6296265125274658,13,3,178
wine,tsallis_0.5,1,0.9259259259259259,2.669900251045715,3,9,0.5464174747467041,13,3,178
wine,tsallis_1.3,1,0.9444444444444444,2.0024251882842865,4,15,0.6445183753967285,13,3,178
wine,tsallis_2.0,1,0.9444444444444444,2.0024251882842865,4,15,0.6214823722839355,13,3,178
wine,norm_tsallis_1.3,1,0.8888888888888888,4.004850376568572,4,15,0.7543838024139404,13,3,178
wine,kumaraswamy,1,0.9074074074074074,3.3373753138071436,6,19,0.8787920475006104,13,3,178
wine,cross_entropy,1,0.6111111111111112,14.016976317990002,2,7,0.7647364139556885,13,3,178
wine,kl_divergence,1,0.42592592592592593,20.691726945604298,1,3,0.49643468856811523,13,3,178
wine,js_divergence,1,0.42592592592592593,20.691726945604298,1,3,0.6257555484771729,13,3,178
wine,hellinger,1,0.3888888888888889,22.026677071127157,1,3,0.5057163238525391,13,3,178
wine,energy,1,0.3888888888888889,22.026677071127157,3,9,0.682969331741333,13,3,178
wine,polarization_3.5,1,0.7037037037037037,10.67960100418286,6,19,1.0938990116119385,13,3,178
wine,bregman_squared,1,0.42592592592592593,20.691726945604298,1,3,0.5243544578552246,13,3,178
wine,bregman_entropy,1,0.42592592592592593,20.691726945604298,1,3,0.7770106792449951,13,3,178
wine,itc,1,0.8703703703703703,4.672325439330001,5,13,1.028550624847412,13,3,178
wine,itc_alpha1.3,1,0.8703703703703703,4.672325439330001,5,13,1.1001777648925781,13,3,178
wine,itc_alpha1.7,1,0.8703703703703703,4.672325439330001,5,13,0.9843556880950928,13,3,178
wine,shannon_polarization,1,0.8703703703703703,4.672325439330001,5,15,1.219796895980835,13,3,178
wine,tsallis_hellinger,1,0.8703703703703703,4.672325439330001,4,19,1.4358561038970947,13,3,178
wine,gini,2,0.9074074074074074,3.3373753138071436,3,11,0.5102057456970215,13,3,178
wine,shannon,2,0.9074074074074074,3.3373753138071436,3,11,0.6141347885131836,13,3,178
wine,misclassification,2,0.9074074074074074,3.3373753138071436,5,17,0.7548046112060547,13,3,178
wine,renyi_0.5,2,0.9629629629629629,1.3349501255228575,4,13,0.5500140190124512,13,3,178
wine,renyi_2.0,2,0.9074074074074074,3.3373753138071436,3,11,0.6297702789306641,13,3,178
wine,tsallis_0.5,2,0.9629629629629629,1.3349501255228575,4,13,0.5479421615600586,13,3,178
wine,tsallis_1.3,2,0.9074074074074074,3.3373753138071436,3,11,0.6788725852966309,13,3,178
wine,tsallis_2.0,2,0.9074074074074074,3.3373753138071436,3,11,0.6036417484283447,13,3,178
wine,norm_tsallis_1.3,2,0.9074074074074074,3.3373753138071436,4,11,0.5810279846191406,13,3,178
wine,kumaraswamy,2,0.8703703703703703,4.6723254393300016,4,13,0.6411612033843994,13,3,178
wine,cross_entropy,2,0.7222222222222222,10.012125941421429,2,5,0.6209070682525635,13,3,178
wine,kl_divergence,2,0.42592592592592593,20.691726945604298,1,3,0.4908428192138672,13,3,178
wine,js_divergence,2,0.42592592592592593,20.691726945604298,1,3,0.6314411163330078,13,3,178
wine,hellinger,2,0.3888888888888889,22.026677071127157,1,3,0.5118935108184814,13,3,178
wine,energy,2,0.3888888888888889,22.026677071127157,3,9,0.6882350444793701,13,3,178
wine,polarization_3.5,2,0.8518518518518519,5.33980050209143,5,13,0.9361608028411865,13,3,178
wine,bregman_squared,2,0.4444444444444444,20.024251882842865,1,3,0.5350692272186279,13,3,178
wine,bregman_entropy,2,0.42592592592592593,20.691726945604298,1,3,0.7755920886993408,13,3,178
wine,itc,2,0.8888888888888888,4.004850376568572,4,13,1.133765459060669,13,3,178
wine,itc_alpha1.3,2,0.9259259259259259,2.669900251045715,5,17,1.1072454452514648,13,3,178
wine,itc_alpha1.7,2,0.8888888888888888,4.004850376568572,4,13,1.0894699096679688,13,3,178
wine,shannon_polarization,2,0.9444444444444444,2.0024251882842865,6,15,0.9902725219726562,13,3,178
wine,tsallis_hellinger,2,0.9629629629629629,1.3349501255228575,5,15,1.205580472946167,13,3,178
wine,gini,3,0.8518518518518519,5.33980050209143,5,19,0.5508103370666504,13,3,178
wine,shannon,3,0.9074074074074074,3.3373753138071436,5,19,0.6756482124328613,13,3,178
wine,misclassification,3,0.9259259259259259,2.669900251045715,4,15,0.6579279899597168,13,3,178
wine,renyi_0.5,3,0.9259259259259259,2.669900251045715,3,11,0.5979890823364258,13,3,178
wine,renyi_2.0,3,0.8888888888888888,4.004850376568573,5,19,0.7962970733642578,13,3,178
wine,tsallis_0.5,3,0.9259259259259259,2.669900251045715,3,11,0.5686168670654297,13,3,178
wine,tsallis_1.3,3,0.8518518518518519,5.33980050209143,5,19,0.7581567764282227,13,3,178
wine,tsallis_2.0,3,0.8518518518518519,5.33980050209143,5,19,0.6953685283660889,13,3,178
wine,norm_tsallis_1.3,3,0.8703703703703703,4.6723254393300016,5,19,0.7198176383972168,13,3,178
wine,kumaraswamy,3,0.9444444444444444,2.0024251882842865,6,19,0.8834261894226074,13,3,178
wine,cross_entropy,3,0.5925925925925926,14.684451380751431,2,7,0.7250721454620361,13,3,178
wine,kl_divergence,3,0.4074074074074074,21.359202008365724,2,5,0.6164112091064453,13,3,178
wine,js_divergence,3,0.4074074074074074,21.359202008365724,2,5,0.799232006072998,13,3,178
wine,hellinger,3,0.37037037037037035,22.694152133888586,2,5,0.5091814994812012,13,3,178
wine,energy,3,0.35185185185185186,23.36162719665001,3,11,0.5266962051391602,13,3,178
wine,polarization_3.5,3,0.8518518518518519,5.33980050209143,5,15,0.9768383502960205,13,3,178
wine,bregman_squared,3,0.4074074074074074,21.359202008365724,4,9,1.2447535991668701,13,3,178
wine,bregman_entropy,3,0.4074074074074074,21.359202008365724,2,5,0.954796314239502,13,3,178
wine,itc,3,0.8148148148148148,6.674750627614287,5,13,1.229536771774292,13,3,178
wine,itc_alpha1.3,3,0.8148148148148148,6.674750627614287,5,13,1.2087037563323975,13,3,178
wine,itc_alpha1.7,3,0.8148148148148148,6.674750627614287,5,13,1.233424186706543,13,3,178
wine,shannon_polarization,3,0.9074074074074074,3.3373753138071436,5,13,0.9746978282928467,13,3,178
wine,tsallis_hellinger,3,0.8888888888888888,4.004850376568573,5,19,1.305060863494873,13,3,178
wine,gini,4,0.9629629629629629,1.3349501255228575,3,9,0.4474036693572998,13,3,178
wine,shannon,4,0.9259259259259259,2.669900251045715,3,9,0.5739777088165283,13,3,178
wine,misclassification,4,0.9444444444444444,2.0024251882842865,4,13,0.46287083625793457,13,3,178
wine,renyi_0.5,4,0.9259259259259259,2.669900251045715,3,9,0.5949692726135254,13,3,178
wine,renyi_2.0,4,0.9444444444444444,2.0024251882842865,4,13,0.5493311882019043,13,3,178
wine,tsallis_0.5,4,0.9259259259259259,2.669900251045715,3,9,0.551335334777832,13,3,178
wine,tsallis_1.3,4,0.9629629629629629,1.3349501255228575,3,9,0.5728034973144531,13,3,178
wine,tsallis_2.0,4,0.9629629629629629,1.3349501255228575,3,9,0.5509936809539795,13,3,178
wine,norm_tsallis_1.3,4,0.9444444444444444,2.0024251882842865,4,11,0.5337784290313721,13,3,178
wine,kumaraswamy,4,0.8518518518518519,5.339800502091429,6,19,0.8890235424041748,13,3,178
wine,cross_entropy,4,0.7222222222222222,10.012125941421429,2,7,0.723968505859375,13,3,178
wine,kl_divergence,4,0.3888888888888889,22.026677071127157,1,3,0.5188958644866943,13,3,178
wine,js_divergence,4,0.3888888888888889,22.026677071127157,1,3,0.6623973846435547,13,3,178
wine,hellinger,4,0.3888888888888889,22.026677071127157,5,17,0.7174727916717529,13,3,178
wine,energy,4,0.3888888888888889,22.026677071127157,4,11,0.5357286930084229,13,3,178
wine,polarization_3.5,4,0.8518518518518519,5.33980050209143,4,11,0.8410632610321045,13,3,178
wine,bregman_squared,4,0.3888888888888889,22.026677071127157,1,3,0.5717647075653076,13,3,178
wine,bregman_entropy,4,0.3888888888888889,22.026677071127157,1,3,0.7755017280578613,13,3,178
wine,itc,4,0.8518518518518519,5.339800502091429,5,15,1.2155089378356934,13,3,178
wine,itc_alpha1.3,4,0.8518518518518519,5.339800502091429,5,15,1.240457534790039,13,3,178
wine,itc_alpha1.7,4,0.8518518518518519,5.339800502091429,5,15,1.3244397640228271,13,3,178
wine,shannon_polarization,4,0.9444444444444444,2.0024251882842865,5,17,1.0399398803710938,13,3,178
wine,tsallis_hellinger,4,0.9444444444444444,2.0024251882842865,3,13,1.3809535503387451,13,3,178
breast_cancer,gini,0,0.9181286549707602,2.950942382734738,6,31,7.967916965484619,30,2,569
breast_cancer,shannon,0,0.9590643274853801,1.475471191367369,7,29,7.30229115486145,30,2,569
breast_cancer,misclassification,0,0.9239766081871345,2.740160783967971,7,31,11.168597221374512,30,2,569
breast_cancer,renyi_0.5,0,0.935672514619883,2.318597586434437,7,23,6.461694955825806,30,2,569
breast_cancer,renyi_2.0,0,0.9064327485380117,3.3725055802682715,11,43,16.8283851146698,30,2,569
breast_cancer,tsallis_0.5,0,0.9239766081871345,2.7401607839679705,7,25,7.107975482940674,30,2,569
breast_cancer,tsallis_1.3,0,0.9064327485380117,3.3725055802682715,6,31,9.794721126556396,30,2,569
breast_cancer,tsallis_2.0,0,0.9181286549707602,2.950942382734738,6,31,9.749716520309448,30,2,569
breast_cancer,norm_tsallis_1.3,0,0.9064327485380117,3.3725055802682715,6,31,9.990967273712158,30,2,569
breast_cancer,kumaraswamy,0,0.9239766081871345,2.740160783967971,6,23,11.42501187324524,30,2,569
breast_cancer,cross_entropy,0,0.7251461988304093,9.906735142038048,1,3,4.800165891647339,30,2,569
breast_cancer,kl_divergence,0,0.6257309941520468,13.490022321073086,1,3,5.277444362640381,30,2,569
breast_cancer,js_divergence,0,0.6257309941520468,13.490022321073086,1,3,6.300250053405762,30,2,569
breast_cancer,hellinger,0,0.6257309941520468,13.490022321073086,1,3,5.546532869338989,30,2,569
breast_cancer,energy,0,0.6198830409356725,13.700803919839853,17,55,20.21140694618225,30,2,569
breast_cancer,polarization_3.5,0,0.9005847953216374,3.5832871790350387,6,13,11.963256597518921,30,2,569
breast_cancer,bregman_squared,0,0.6257309941520468,13.490022321073086,1,3,5.812957763671875,30,2,569
breast_cancer,bregman_entropy,0,0.6257309941520468,13.490022321073086,1,3,8.429118394851685,30,2,569
breast_cancer,itc,0,0.9532163742690059,1.6862527901341358,7,29,15.552096366882324,30,2,569
breast_cancer,itc_alpha1.3,0,0.9532163742690059,1.6862527901341358,7,29,15.211005926132202,30,2,569
breast_cancer,itc_alpha1.7,0,0.9473684210526315,1.8970343889009027,10,35,21.7660391330719,30,2,569
breast_cancer,shannon_polarization,0,0.9239766081871345,2.7401607839679705,8,33,14.360599994659424,30,2,569
breast_cancer,tsallis_hellinger,0,0.8947368421052632,3.7940687778018054,7,23,15.123739242553711,30,2,569
breast_cancer,gini,1,0.9005847953216374,3.5832871790350387,8,35,10.077880144119263,30,2,569
breast_cancer,shannon,1,0.9122807017543859,3.161723981501505,6,29,7.928499937057495,30,2,569
breast_cancer,misclassification,1,0.9064327485380117,3.3725055802682715,8,29,9.282699346542358,30,2,569
breast_cancer,renyi_0.5,1,0.9473684210526315,1.8970343889009027,9,21,6.590850114822388,30,2,569
breast_cancer,renyi_2.0,1,0.8947368421052632,3.7940687778018054,9,39,14.583480596542358,30,2,569
breast_cancer,tsallis_0.5,1,0.9298245614035088,2.529379185201204,6,21,6.081440687179565,30,2,569
breast_cancer,tsallis_1.3,1,0.9239766081871345,2.7401607839679705,6,27,8.096243143081665,30,2,569
breast_cancer,tsallis_2.0,1,0.9005847953216374,3.5832871790350387,8,35,12.752492427825928,30,2,569
breast_cancer,norm_tsallis_1.3,1,0.9239766081871345,2.7401607839679705,6,27,8.117188215255737,30,2,569
breast_cancer,kumaraswamy,1,0.8654970760233918,4.847976771635641,5,27,10.23480486869812,30,2,569
breast_cancer,cross_entropy,1,0.7076023391812866,10.539079938338348,1,3,4.975611209869385,30,2,569
breast_cancer,kl_divergence,1,0.6257309941520468,13.490022321073086,0,1,2.7973334789276123,30,2,569
breast_cancer,js_divergence,1,0.6257309941520468,13.490022321073086,0,1,3.3011879920959473,30,2,569
breast_cancer,hellinger,1,0.6257309941520468,13.490022321073086,0,1,2.9001102447509766,30,2,569
breast_cancer,energy,1,0.5906432748538012,14.75471191367369,16,57,16.93945598602295,30,2,569
breast_cancer,polarization_3.5,1,0.8538011695906432,5.269539969169174,15,47,21.03696298599243,30,2,569
breast_cancer,bregman_squared,1,0.6257309941520468,13.490022321073086,0,1,2.955510377883911,30,2,569
breast_cancer,bregman_entropy,1,0.6257309941520468,13.490022321073086,0,1,4.213107585906982,30,2,569
breast_cancer,itc,1,0.9298245614035088,2.5293791852012038,11,31,16.526737928390503,30,2,569
breast_cancer,itc_alpha1.3,1,0.9415204678362573,2.1078159876676694,12,37,14.582672119140625,30,2,569
breast_cancer,itc_alpha1.7,1,0.9298245614035088,2.5293791852012038,11,31,16.553357362747192,30,2,569
breast_cancer,shannon_polarization,1,0.9298245614035088,2.529379185201204,7,29,12.744385242462158,30,2,569
breast_cancer,tsallis_hellinger,1,0.9298245614035088,2.5293791852012038,6,19,13.918111562728882,30,2,569
breast_cancer,gini,2,0.9473684210526315,1.8970343889009027,7,41,9.754818439483643,30,2,569
breast_cancer,shannon,2,0.9590643274853801,1.475471191367369,7,29,7.361635446548462,30,2,569
breast_cancer,misclassification,2,0.9239766081871345,2.740160783967971,11,47,12.06705117225647,30,2,569
breast_cancer,renyi_0.5,2,0.9707602339181286,1.0539079938338352,9,35,7.196650743484497,30,2,569
breast_cancer,renyi_2.0,2,0.9473684210526315,1.8970343889009027,7,41,12.278504371643066,30,2,569
breast_cancer,tsallis_0.5,2,0.9707602339181286,1.0539079938338352,7,33,6.610402345657349,30,2,569
breast_cancer,tsallis_1.3,2,0.9298245614035088,2.5293791852012038,6,33,8.302744150161743,30,2,569
breast_cancer,tsallis_2.0,2,0.9473684210526315,1.8970343889009027,7,41,11.802289247512817,30,2,569
breast_cancer,norm_tsallis_1.3,2,0.9298245614035088,2.5293791852012038,6,33,8.479376316070557,30,2,569
breast_cancer,kumaraswamy,2,0.9590643274853801,1.475471191367369,6,33,12.688276529312134,30,2,569
breast_cancer,cross_entropy,2,0.7953216374269005,7.377355956836845,1,3,4.841897487640381,30,2,569
breast_cancer,kl_divergence,2,0.6257309941520468,13.490022321073086,0,1,2.651029348373413,30,2,569
breast_cancer,js_divergence,2,0.6257309941520468,13.490022321073086,0,1,3.2774007320404053,30,2,569
breast_cancer,hellinger,2,0.6257309941520468,13.490022321073086,0,1,2.848182201385498,30,2,569
breast_cancer,energy,2,0.6257309941520468,13.490022321073086,12,33,14.869328260421753,30,2,569
breast_cancer,polarization_3.5,2,0.9473684210526315,1.8970343889009027,10,25,19.08553433418274,30,2,569
breast_cancer,bregman_squared,2,0.6257309941520468,13.490022321073086,0,1,2.930861473083496,30,2,569
breast_cancer,bregman_entropy,2,0.6257309941520468,13.490022321073086,0,1,4.222926139831543,30,2,569
breast_cancer,itc,2,0.9473684210526315,1.8970343889009027,7,29,15.16509747505188,30,2,569
breast_cancer,itc_alpha1.3,2,0.9473684210526315,1.8970343889009027,7,29,14.792115926742554,30,2,569
breast_cancer,itc_alpha1.7,2,0.9415204678362573,2.1078159876676694,8,35,17.46621799468994,30,2,569
breast_cancer,shannon_polarization,2,0.9415204678362573,2.1078159876676694,7,33,15.453641891479492,30,2,569
breast_cancer,tsallis_hellinger,2,0.9181286549707602,2.9509423827347376,5,25,14.404388427734375,30,2,569
breast_cancer,gini,3,0.9181286549707602,2.9509423827347376,7,33,9.574767351150513,30,2,569
breast_cancer,shannon,3,0.9298245614035088,2.5293791852012038,8,33,8.749513626098633,30,2,569
breast_cancer,misclassification,3,0.9122807017543859,3.161723981501504,7,31,11.43948745727539,30,2,569
breast_cancer,renyi_0.5,3,0.9181286549707602,2.9509423827347376,8,27,6.878848314285278,30,2,569
breast_cancer,renyi_2.0,3,0.9122807017543859,3.161723981501504,7,37,13.536611795425415,30,2,569
breast_cancer,tsallis_0.5,3,0.9415204678362573,2.10781598766767,8,29,6.585899353027344,30,2,569
breast_cancer,tsallis_1.3,3,0.9181286549707602,2.9509423827347376,5,27,8.7317795753479,30,2,569
breast_cancer,tsallis_2.0,3,0.9181286549707602,2.9509423827347376,7,33,11.871111392974854,30,2,569
breast_cancer,norm_tsallis_1.3,3,0.9181286549707602,2.9509423827347376,5,27,8.712522983551025,30,2,569
breast_cancer,kumaraswamy,3,0.9298245614035088,2.5293791852012038,5,21,9.677753210067749,30,2,569
breast_cancer,cross_entropy,3,0.7485380116959064,9.06360874697098,1,3,4.9997007846832275,30,2,569
breast_cancer,kl_divergence,3,0.6257309941520468,13.490022321073086,0,1,2.6331260204315186,30,2,569
breast_cancer,js_divergence,3,0.6257309941520468,13.490022321073086,0,1,3.220945358276367,30,2,569
breast_cancer,hellinger,3,0.6257309941520468,13.490022321073086,0,1,2.8415520191192627,30,2,569
breast_cancer,energy,3,0.6140350877192983,13.91158551860662,17,79,14.816770792007446,30,2,569
breast_cancer,polarization_3.5,3,0.935672514619883,2.318597586434437,5,11,10.81046724319458,30,2,569
breast_cancer,bregman_squared,3,0.6257309941520468,13.490022321073086,0,1,2.9470081329345703,30,2,569
breast_cancer,bregman_entropy,3,0.6257309941520468,13.490022321073086,0,1,4.238906383514404,30,2,569
breast_cancer,itc,3,0.9415204678362573,2.1078159876676694,9,37,15.98327112197876,30,2,569
breast_cancer,itc_alpha1.3,3,0.9415204678362573,2.1078159876676694,9,37,15.851347923278809,30,2,569
breast_cancer,itc_alpha1.7,3,0.9415204678362573,2.1078159876676694,9,37,15.870018720626831,30,2,569
breast_cancer,shannon_polarization,3,0.9473684210526315,1.8970343889009027,7,27,14.798310995101929,30,2,569
breast_cancer,tsallis_hellinger,3,0.9298245614035088,2.5293791852012038,5,29,14.060486078262329,30,2,569
breast_cancer,gini,4,0.9532163742690059,1.6862527901341358,7,35,9.30681037902832,30,2,569
breast_cancer,shannon,4,0.935672514619883,2.3185975864344366,6,27,7.718822479248047,30,2,569
breast_cancer,misclassification,4,0.9473684210526315,1.8970343889009031,8,39,11.752099990844727,30,2,569
breast_cancer,renyi_0.5,4,0.935672514619883,2.318597586434437,8,25,6.948997259140015,30,2,569
breast_cancer,renyi_2.0,4,0.9415204678362573,2.1078159876676694,7,39,13.104032516479492,30,2,569
breast_cancer,tsallis_0.5,4,0.935672514619883,2.318597586434437,8,25,6.743208169937134,30,2,569
breast_cancer,tsallis_1.3,4,0.9298245614035088,2.5293791852012038,5,27,8.622279405593872,30,2,569
breast_cancer,tsallis_2.0,4,0.9532163742690059,1.6862527901341358,7,35,11.696255922317505,30,2,569
breast_cancer,norm_tsallis_1.3,4,0.9298245614035088,2.5293791852012038,5,27,8.630495071411133,30,2,569
breast_cancer,kumaraswamy,4,0.935672514619883,2.3185975864344366,6,29,12.232587814331055,30,2,569
breast_cancer,cross_entropy,4,0.7894736842105263,7.588137555603611,1,3,5.035474061965942,30,2,569
breast_cancer,kl_divergence,4,0.6257309941520468,13.490022321073086,0,1,2.695260763168335,30,2,569
breast_cancer,js_divergence,4,0.6257309941520468,13.490022321073086,0,1,3.2737555503845215,30,2,569
breast_cancer,hellinger,4,0.6257309941520468,13.490022321073086,0,1,2.7702219486236572,30,2,569
breast_cancer,energy,4,0.6257309941520468,13.490022321073086,16,51,19.47118377685547,30,2,569
breast_cancer,polarization_3.5,4,0.935672514619883,2.3185975864344366,10,23,16.706942081451416,30,2,569
breast_cancer,bregman_squared,4,0.6257309941520468,13.490022321073086,0,1,2.9201436042785645,30,2,569
breast_cancer,bregman_entropy,4,0.6257309941520468,13.490022321073086,0,1,4.188852787017822,30,2,569
breast_cancer,itc,4,0.9649122807017544,1.264689592600602,10,33,19.473827123641968,30,2,569
breast_cancer,itc_alpha1.3,4,0.9707602339181286,1.0539079938338352,10,33,15.90654444694519,30,2,569
breast_cancer,itc_alpha1.7,4,0.9590643274853801,1.475471191367369,10,33,19.53642749786377,30,2,569
breast_cancer,shannon_polarization,4,0.9649122807017544,1.264689592600602,7,27,12.184977293014526,30,2,569
breast_cancer,tsallis_hellinger,4,0.935672514619883,2.3185975864344366,5,25,15.461702108383179,30,2,569
digits,gini,0,0.85,5.406548008367572,11,241,6.974648475646973,64,10,1797
digits,shannon,0,0.8240740740740741,6.3410130962335725,10,243,8.3685941696167,64,10,1797
digits,misclassification,0,0.8611111111111112,5.006062970710715,12,265,7.9813385009765625,64,10,1797
digits,renyi_0.5,0,0.8351851851851851,5.9405280585767155,11,221,8.559942960739136,64,10,1797
digits,renyi_2.0,0,0.8333333333333334,6.007275564852858,14,271,10.768834829330444,64,10,1797
digits,tsallis_0.5,0,0.8574074074074074,5.139557983263002,11,221,8.209471225738525,64,10,1797
digits,tsallis_1.3,0,0.8462962962962963,5.540043020919859,12,221,8.090434551239014,64,10,1797
digits,tsallis_2.0,0,0.85,5.406548008367572,11,241,8.558311700820923,64,10,1797
digits,norm_tsallis_1.3,0,0.8407407407407408,5.740285539748287,12,229,8.44161057472229,64,10,1797
digits,kumaraswamy,0,0.8203703703703704,6.474508108785859,16,247,10.076329469680786,64,10,1797
digits,cross_entropy,0,0.10185185185185185,32.37254054392929,0,1,0.23551082611083984,64,10,1797
digits,kl_divergence,0,0.10185185185185185,32.37254054392929,0,1,0.23525214195251465,64,10,1797
digits,js_divergence,0,0.10185185185185185,32.37254054392929,0,1,0.27513837814331055,64,10,1797
digits,hellinger,0,0.10185185185185185,32.37254054392929,0,1,0.24393510818481445,64,10,1797
digits,energy,0,0.10185185185185185,32.37254054392929,0,1,0.22678732872009277,64,10,1797
digits,polarization_3.5,0,0.46111111111111114,19.423524326357576,12,163,9.952692031860352,64,10,1797
digits,bregman_squared,0,0.10185185185185185,32.37254054392929,0,1,0.26099061965942383,64,10,1797
digits,bregman_entropy,0,0.10185185185185185,32.37254054392929,0,1,0.36032652854919434,64,10,1797
digits,itc,0,0.8203703703703704,6.474508108785859,11,221,13.764661312103271,64,10,1797
digits,itc_alpha1.3,0,0.812962962962963,6.74149813389043,12,211,14.263190984725952,64,10,1797
digits,itc_alpha1.7,0,0.8296296296296296,6.140770577405145,11,223,13.940305471420288,64,10,1797
digits,shannon_polarization,0,0.8592592592592593,5.0728104769868585,10,209,13.448233842849731,64,10,1797
digits,tsallis_hellinger,0,0.8629629629629629,4.939315464434572,9,189,14.652793407440186,64,10,1797
digits,gini,1,0.8537037037037037,5.273052995815287,15,277,7.81128716468811,64,10,1797
digits,shannon,1,0.8648148148148148,4.872567958158429,10,231,8.087693929672241,64,10,1797
digits,misclassification,1,0.8296296296296296,6.140770577405145,20,287,9.277061223983765,64,10,1797
digits,renyi_0.5,1,0.8722222222222222,4.605577933053858,10,213,8.348721504211426,64,10,1797
digits,renyi_2.0,1,0.8333333333333334,6.007275564852859,18,277,10.585388898849487,64,10,1797
digits,tsallis_0.5,1,0.8833333333333333,4.205092895397001,10,209,7.915638208389282,64,10,1797
digits,tsallis_1.3,1,0.8240740740740741,6.3410130962335725,13,247,8.784812450408936,64,10,1797
digits,tsallis_2.0,1,0.8537037037037037,5.273052995815287,15,277,9.284800291061401,64,10,1797
digits,norm_tsallis_1.3,1,0.8314814814814815,6.074023071129002,13,243,9.20144534111023,64,10,1797
digits,kumaraswamy,1,0.8314814814814815,6.074023071129002,15,251,10.285032510757446,64,10,1797
digits,cross_entropy,1,0.10185185185185185,32.37254054392928,0,1,0.23922371864318848,64,10,1797
digits,kl_divergence,1,0.10185185185185185,32.37254054392928,0,1,0.2369997501373291,64,10,1797
digits,js_divergence,1,0.10185185185185185,32.37254054392928,0,1,0.2811870574951172,64,10,1797
digits,hellinger,1,0.10185185185185185,32.37254054392928,0,1,0.2477116584777832,64,10,1797
digits,energy,1,0.10185185185185185,32.37254054392928,0,1,0.22887563705444336,64,10,1797
digits,polarization_3.5,1,0.45740740740740743,19.55701933890986,13,195,12.087111473083496,64,10,1797
digits,bregman_squared,1,0.10185185185185185,32.37254054392928,0,1,0.2582688331604004,64,10,1797
digits,bregman_entropy,1,0.10185185185185185,32.37254054392928,0,1,0.3563969135284424,64,10,1797
digits,itc,1,0.837037037037037,5.873780552300572,10,243,14.661836624145508,64,10,1797
digits,itc_alpha1.3,1,0.8462962962962963,5.5400430209198595,10,231,14.396215915679932,64,10,1797
digits,itc_alpha1.7,1,0.8481481481481481,5.473295514643715,11,247,14.504396438598633,64,10,1797
digits,shannon_polarization,1,0.8296296296296296,6.140770577405145,11,235,14.438473224639893,64,10,1797
digits,tsallis_hellinger,1,0.8574074074074074,5.139557983263002,10,225,15.607471704483032,64,10,1797
digits,gini,2,0.8648148148148148,4.872567958158429,14,263,7.481461524963379,64,10,1797
digits,shannon,2,0.8388888888888889,5.80703304602443,9,243,8.20374608039856,64,10,1797
digits,misclassification,2,0.8277777777777777,6.207518083681287,12,287,8.645831108093262,64,10,1797
digits,renyi_0.5,2,0.8740740740740741,4.538830426777715,10,209,8.103665828704834,64,10,1797
digits,renyi_2.0,2,0.8537037037037037,5.273052995815287,13,271,10.17139720916748,64,10,1797
digits,tsallis_0.5,2,0.8611111111111112,5.006062970710715,9,201,7.569464445114136,64,10,1797
digits,tsallis_1.3,2,0.8425925925925926,5.673538033472145,9,235,8.553140878677368,64,10,1797
digits,tsallis_2.0,2,0.8648148148148148,4.872567958158429,14,263,9.194004535675049,64,10,1797
digits,norm_tsallis_1.3,2,0.8314814814814815,6.074023071129002,9,229,8.48861026763916,64,10,1797
digits,kumaraswamy,2,0.8425925925925926,5.673538033472145,16,261,9.924983978271484,64,10,1797
digits,cross_entropy,2,0.10185185185185185,32.37254054392929,0,1,0.2402639389038086,64,10,1797
digits,kl_divergence,2,0.10185185185185185,32.37254054392929,0,1,0.23910021781921387,64,10,1797
digits,js_divergence,2,0.10185185185185185,32.37254054392929,0,1,0.27949047088623047,64,10,1797
digits,hellinger,2,0.10185185185185185,32.37254054392929,0,1,0.24385476112365723,64,10,1797
digits,energy,2,0.10185185185185185,32.37254054392929,0,1,0.22970056533813477,64,10,1797
digits,polarization_3.5,2,0.37592592592592594,22.493909615060147,9,129,8.352758884429932,64,10,1797
digits,bregman_squared,2,0.10185185185185185,32.37254054392929,0,1,0.2581651210784912,64,10,1797
digits,bregman_entropy,2,0.10185185185185185,32.37254054392929,0,1,0.35829901695251465,64,10,1797
digits,itc,2,0.8444444444444444,5.606790527196001,11,213,13.121223211288452,64,10,1797
digits,itc_alpha1.3,2,0.8592592592592593,5.0728104769868585,13,219,13.624869346618652,64,10,1797
digits,itc_alpha1.7,2,0.8425925925925926,5.673538033472145,11,227,13.01465392112732,64,10,1797
digits,shannon_polarization,2,0.8314814814814815,6.074023071129002,9,207,13.359726905822754,64,10,1797
digits,tsallis_hellinger,2,0.825925925925926,6.27426558995743,10,235,15.150140762329102,64,10,1797
digits,gini,3,0.8203703703703704,6.474508108785859,15,259,7.623106956481934,64,10,1797
digits,shannon,3,0.8240740740740741,6.3410130962335725,10,223,8.009220838546753,64,10,1797
digits,misclassification,3,0.8555555555555555,5.206305489539145,16,257,8.259273290634155,64,10,1797
digits,renyi_0.5,3,0.8277777777777777,6.207518083681287,11,201,8.245227575302124,64,10,1797
digits,renyi_2.0,3,0.8185185185185185,6.541255615062002,13,247,10.00037169456482,64,10,1797
digits,tsallis_0.5,3,0.8462962962962963,5.540043020919859,9,199,8.013195276260376,64,10,1797
digits,tsallis_1.3,3,0.85,5.406548008367573,12,249,8.819900751113892,64,10,1797
digits,tsallis_2.0,3,0.8203703703703704,6.474508108785859,15,259,9.424985647201538,64,10,1797
digits,norm_tsallis_1.3,3,0.8407407407407408,5.740285539748287,12,249,9.10707712173462,64,10,1797
digits,kumaraswamy,3,0.8592592592592593,5.0728104769868585,16,229,9.913309097290039,64,10,1797
digits,cross_entropy,3,0.10185185185185185,32.37254054392929,0,1,0.23455500602722168,64,10,1797
digits,kl_divergence,3,0.10185185185185185,32.37254054392929,0,1,0.23552227020263672,64,10,1797
digits,js_divergence,3,0.10185185185185185,32.37254054392929,0,1,0.27390599250793457,64,10,1797
digits,hellinger,3,0.10185185185185185,32.37254054392929,0,1,0.24830913543701172,64,10,1797
digits,energy,3,0.10185185185185185,32.37254054392929,0,1,0.2247476577758789,64,10,1797
digits,polarization_3.5,3,0.4759259259259259,18.88954427614843,20,239,13.79125189781189,64,10,1797
digits,bregman_squared,3,0.10185185185185185,32.37254054392929,0,1,0.25728654861450195,64,10,1797
digits,bregman_entropy,3,0.10185185185185185,32.37254054392929,0,1,0.3516669273376465,64,10,1797
digits,itc,3,0.8111111111111111,6.8082456401665725,13,259,15.021197080612183,64,10,1797
digits,itc_alpha1.3,3,0.8148148148148148,6.674750627614287,13,239,14.407731294631958,64,10,1797
digits,itc_alpha1.7,3,0.8148148148148148,6.674750627614287,13,271,15.530804634094238,64,10,1797
digits,shannon_polarization,3,0.8574074074074074,5.139557983263002,11,211,13.302459955215454,64,10,1797
digits,tsallis_hellinger,3,0.8185185185185185,6.541255615062002,11,211,14.983371257781982,64,10,1797
digits,gini,4,0.8722222222222222,4.605577933053858,14,263,7.344540119171143,64,10,1797
digits,shannon,4,0.8814814814814815,4.271840401673144,9,227,8.025017499923706,64,10,1797
digits,misclassification,4,0.8462962962962963,5.540043020919859,17,261,8.774211883544922,64,10,1797
digits,renyi_0.5,4,0.8629629629629629,4.939315464434573,11,213,8.27684736251831,64,10,1797
digits,renyi_2.0,4,0.8629629629629629,4.939315464434572,18,289,11.366953372955322,64,10,1797
digits,tsallis_0.5,4,0.85,5.406548008367572,10,213,7.951727867126465,64,10,1797
digits,tsallis_1.3,4,0.8666666666666667,4.805820451882287,10,227,8.611970901489258,64,10,1797
digits,tsallis_2.0,4,0.8722222222222222,4.605577933053858,14,263,9.012110233306885,64,10,1797
digits,norm_tsallis_1.3,4,0.8611111111111112,5.006062970710715,11,229,8.836294412612915,64,10,1797
digits,kumaraswamy,4,0.8388888888888889,5.80703304602443,18,291,11.549972295761108,64,10,1797
digits,cross_entropy,4,0.10185185185185185,32.37254054392929,0,1,0.2387988567352295,64,10,1797
digits,kl_divergence,4,0.10185185185185185,32.37254054392929,0,1,0.23864030838012695,64,10,1797
digits,js_divergence,4,0.10185185185185185,32.37254054392929,0,1,0.2811727523803711,64,10,1797
digits,hellinger,4,0.10185185185185185,32.37254054392929,0,1,0.24660015106201172,64,10,1797
digits,energy,4,0.10185185185185185,32.37254054392929,0,1,0.22578740119934082,64,10,1797
digits,polarization_3.5,4,0.524074074074074,17.15410911296872,19,189,12.20057225227356,64,10,1797
digits,bregman_squared,4,0.10185185185185185,32.37254054392929,0,1,0.2597784996032715,64,10,1797
digits,bregman_entropy,4,0.10185185185185185,32.37254054392929,0,1,0.35781145095825195,64,10,1797
digits,itc,4,0.7962962962962963,7.342225690375717,13,283,15.37561821937561,64,10,1797
digits,itc_alpha1.3,4,0.8518518518518519,5.33980050209143,10,247,14.659382104873657,64,10,1797
digits,itc_alpha1.7,4,0.825925925925926,6.27426558995743,13,273,15.338552951812744,64,10,1797
digits,shannon_polarization,4,0.8407407407407408,5.740285539748287,10,247,14.215644836425781,64,10,1797
digits,tsallis_hellinger,4,0.8537037037037037,5.273052995815287,11,231,15.786277055740356,64,10,1797
binary_balanced,gini,0,0.97,1.0813096016735146,7,41,5.242593765258789,10,2,1000
binary_balanced,shannon,0,0.9633333333333334,1.3216006242676293,7,43,5.893547296524048,10,2,1000
binary_balanced,misclassification,0,0.9466666666666667,1.922328180752915,12,69,8.428017616271973,10,2,1000
binary_balanced,renyi_0.5,0,0.9666666666666667,1.2014551129705722,11,45,5.246241331100464,10,2,1000
binary_balanced,renyi_2.0,0,0.97,1.0813096016735146,7,45,7.271380186080933,10,2,1000
binary_balanced,tsallis_0.5,0,0.9833333333333333,0.6007275564852861,11,43,5.083376884460449,10,2,1000
binary_balanced,tsallis_1.3,0,0.96,1.4417461355646863,8,43,5.996709108352661,10,2,1000
binary_balanced,tsallis_2.0,0,0.97,1.0813096016735146,7,41,6.445645332336426,10,2,1000
binary_balanced,norm_tsallis_1.3,0,0.96,1.4417461355646863,8,43,5.9520251750946045,10,2,1000
binary_balanced,kumaraswamy,0,0.9433333333333334,2.042473692049972,6,29,7.114011287689209,10,2,1000
binary_balanced,cross_entropy,0,0.76,8.650476813388117,14,31,17.70390248298645,10,2,1000
binary_balanced,kl_divergence,0,0.5,18.021826694558573,0,1,0.0007395744323730469,10,2,1000
binary_balanced,js_divergence,0,0.5,18.021826694558573,0,1,0.0006821155548095703,10,2,1000
binary_balanced,hellinger,0,0.5,18.021826694558573,0,1,0.0005435943603515625,10,2,1000
binary_balanced,energy,0,0.5,18.021826694558573,0,1,0.0005085468292236328,10,2,1000
binary_balanced,polarization_3.5,0,0.9466666666666667,1.922328180752915,16,49,10.342927932739258,10,2,1000
binary_balanced,bregman_squared,0,0.5,18.021826694558573,0,1,0.0009634494781494141,10,2,1000
binary_balanced,bregman_entropy,0,0.5,18.021826694558573,0,1,0.0007250308990478516,10,2,1000
binary_balanced,itc,0,0.97,1.0813096016735146,12,45,8.410053014755249,10,2,1000
binary_balanced,itc_alpha1.3,0,0.97,1.0813096016735146,12,45,8.330448389053345,10,2,1000
binary_balanced,itc_alpha1.7,0,0.97,1.0813096016735146,12,45,8.281583070755005,10,2,1000
binary_balanced,shannon_polarization,0,0.97,1.0813096016735146,12,43,8.868734121322632,10,2,1000
binary_balanced,tsallis_hellinger,0,0.9733333333333334,0.9611640903764577,7,33,11.294357776641846,10,2,1000
binary_balanced,gini,1,0.95,1.8021826694558578,6,37,4.809666872024536,10,2,1000
binary_balanced,shannon,1,0.9533333333333334,1.6820371581588005,7,39,5.306519031524658,10,2,1000
binary_balanced,misclassification,1,0.9066666666666666,3.364074316317601,14,93,9.108549118041992,10,2,1000
binary_balanced,renyi_0.5,1,0.9566666666666667,1.5618916468617432,10,39,4.795939207077026,10,2,1000
binary_balanced,renyi_2.0,1,0.9533333333333334,1.6820371581588005,7,47,7.494030714035034,10,2,1000
binary_balanced,tsallis_0.5,1,0.9533333333333334,1.6820371581588005,8,41,4.666052341461182,10,2,1000
binary_balanced,tsallis_1.3,1,0.9533333333333334,1.6820371581588005,7,39,5.528292655944824,10,2,1000
binary_balanced,tsallis_2.0,1,0.95,1.8021826694558578,6,37,5.9416821002960205,10,2,1000
binary_balanced,norm_tsallis_1.3,1,0.9533333333333334,1.6820371581588005,7,39,5.5519585609436035,10,2,1000
binary_balanced,kumaraswamy,1,0.9266666666666666,2.6432012485352576,6,41,7.893624544143677,10,2,1000
binary_balanced,cross_entropy,1,0.7166666666666667,10.212368460249861,7,15,10.05748438835144,10,2,1000
binary_balanced,kl_divergence,1,0.5,18.021826694558577,0,1,0.0008490085601806641,10,2,1000
binary_balanced,js_divergence,1,0.5,18.021826694558577,0,1,0.0006554126739501953,10,2,1000
binary_balanced,hellinger,1,0.5,18.021826694558577,0,1,0.0005202293395996094,10,2,1000
binary_balanced,energy,1,0.5,18.021826694558577,0,1,0.0005075931549072266,10,2,1000
binary_balanced,polarization_3.5,1,0.8466666666666667,5.52669351966463,15,49,8.830957412719727,10,2,1000
binary_balanced,bregman_squared,1,0.5,18.021826694558577,0,1,0.0007684230804443359,10,2,1000
binary_balanced,bregman_entropy,1,0.5,18.021826694558577,0,1,0.0006122589111328125,10,2,1000
binary_balanced,itc,1,0.9366666666666666,2.282764714644087,9,41,8.071664810180664,10,2,1000
binary_balanced,itc_alpha1.3,1,0.9433333333333334,2.042473692049972,9,37,8.084498643875122,10,2,1000
binary_balanced,itc_alpha1.7,1,0.9366666666666666,2.282764714644087,9,41,8.188640832901001,10,2,1000
binary_balanced,shannon_polarization,1,0.9433333333333334,2.042473692049972,9,37,8.117076635360718,10,2,1000
binary_balanced,tsallis_hellinger,1,0.9566666666666667,1.5618916468617432,6,37,9.480057954788208,10,2,1000
binary_balanced,gini,2,0.9566666666666667,1.5618916468617434,8,45,5.254931211471558,10,2,1000
binary_balanced,shannon,2,0.95,1.8021826694558578,8,45,5.326993227005005,10,2,1000
binary_balanced,misclassification,2,0.97,1.0813096016735146,15,71,7.506763696670532,10,2,1000
binary_balanced,renyi_0.5,2,0.95,1.8021826694558578,8,37,4.950906038284302,10,2,1000
binary_balanced,renyi_2.0,2,0.9533333333333334,1.6820371581588005,7,43,6.821568727493286,10,2,1000
binary_balanced,tsallis_0.5,2,0.9466666666666667,1.922328180752915,7,39,4.995786666870117,10,2,1000
binary_balanced,tsallis_1.3,2,0.95,1.8021826694558578,8,45,5.998559236526489,10,2,1000
binary_balanced,tsallis_2.0,2,0.9566666666666667,1.5618916468617434,8,45,6.4133734703063965,10,2,1000
binary_balanced,norm_tsallis_1.3,2,0.9533333333333334,1.6820371581588005,8,45,5.892273187637329,10,2,1000
binary_balanced,kumaraswamy,2,0.96,1.4417461355646863,9,47,8.875151634216309,10,2,1000
binary_balanced,cross_entropy,2,0.7233333333333334,9.972077437655745,18,47,21.186065673828125,10,2,1000
binary_balanced,kl_divergence,2,0.5,18.021826694558573,0,1,0.00092315673828125,10,2,1000
binary_balanced,js_divergence,2,0.5,18.021826694558573,0,1,0.0005426406860351562,10,2,1000
binary_balanced,hellinger,2,0.5,18.021826694558573,0,1,0.0005238056182861328,10,2,1000
binary_balanced,energy,2,0.5,18.021826694558573,0,1,0.0005283355712890625,10,2,1000
binary_balanced,polarization_3.5,2,0.8933333333333333,3.84465636150583,20,55,11.431512355804443,10,2,1000
binary_balanced,bregman_squared,2,0.5,18.021826694558573,0,1,0.0009949207305908203,10,2,1000
binary_balanced,bregman_entropy,2,0.5,18.021826694558573,0,1,0.002218484878540039,10,2,1000
binary_balanced,itc,2,0.9566666666666667,1.5618916468617434,13,51,9.81183934211731,10,2,1000
binary_balanced,itc_alpha1.3,2,0.9566666666666667,1.5618916468617434,13,51,9.850521326065063,10,2,1000
binary_balanced,itc_alpha1.7,2,0.9566666666666667,1.5618916468617434,13,51,9.75436806678772,10,2,1000
binary_balanced,shannon_polarization,2,0.9466666666666667,1.922328180752915,13,47,8.55657958984375,10,2,1000
binary_balanced,tsallis_hellinger,2,0.9433333333333334,2.042473692049972,6,33,9.738438367843628,10,2,1000
binary_balanced,gini,3,0.9533333333333334,1.6820371581588005,8,45,5.480991840362549,10,2,1000
binary_balanced,shannon,3,0.9533333333333334,1.6820371581588005,8,43,5.421095371246338,10,2,1000
binary_balanced,misclassification,3,0.9,3.6043653389117156,11,71,9.389628171920776,10,2,1000
binary_balanced,renyi_0.5,3,0.9666666666666667,1.2014551129705722,9,43,4.804496765136719,10,2,1000
binary_balanced,renyi_2.0,3,0.9166666666666666,3.0036377824264293,11,53,8.460754871368408,10,2,1000
binary_balanced,tsallis_0.5,3,0.9666666666666667,1.2014551129705722,9,43,4.830206632614136,10,2,1000
binary_balanced,tsallis_1.3,3,0.9566666666666667,1.5618916468617434,7,47,6.19356369972229,10,2,1000
binary_balanced,tsallis_2.0,3,0.9533333333333334,1.6820371581588005,8,45,6.848323106765747,10,2,1000
binary_balanced,norm_tsallis_1.3,3,0.9566666666666667,1.5618916468617434,7,47,6.135676383972168,10,2,1000
binary_balanced,kumaraswamy,3,0.8966666666666666,3.7245108502087723,7,31,8.006929397583008,10,2,1000
binary_balanced,cross_entropy,3,0.7633333333333333,8.53033130209106,4,9,6.436756372451782,10,2,1000
binary_balanced,kl_divergence,3,0.5,18.021826694558577,0,1,0.0009627342224121094,10,2,1000
binary_balanced,js_divergence,3,0.5,18.021826694558577,0,1,0.0005633831024169922,10,2,1000
binary_balanced,hellinger,3,0.5,18.021826694558577,0,1,0.0005755424499511719,10,2,1000
binary_balanced,energy,3,0.5,18.021826694558577,0,1,0.0005609989166259766,10,2,1000
binary_balanced,polarization_3.5,3,0.86,5.046111474476402,12,33,10.708298444747925,10,2,1000
binary_balanced,bregman_squared,3,0.5,18.021826694558577,0,1,0.001741170883178711,10,2,1000
binary_balanced,bregman_entropy,3,0.5,18.021826694558577,0,1,0.0006868839263916016,10,2,1000
binary_balanced,itc,3,0.94,2.1626192033470293,9,43,10.179555654525757,10,2,1000
binary_balanced,itc_alpha1.3,3,0.9466666666666667,1.922328180752915,9,37,8.224722146987915,10,2,1000
binary_balanced,itc_alpha1.7,3,0.94,2.1626192033470293,9,43,9.948826313018799,10,2,1000
binary_balanced,shannon_polarization,3,0.9533333333333334,1.6820371581588005,11,41,8.381791591644287,10,2,1000
binary_balanced,tsallis_hellinger,3,0.9466666666666667,1.922328180752915,6,37,9.008080959320068,10,2,1000
binary_balanced,gini,4,0.9733333333333334,0.9611640903764577,7,43,5.336745500564575,10,2,1000
binary_balanced,shannon,4,0.9733333333333334,0.9611640903764577,7,39,4.935823917388916,10,2,1000
binary_balanced,misclassification,4,0.96,1.4417461355646863,12,61,8.445748567581177,10,2,1000
binary_balanced,renyi_0.5,4,0.9766666666666667,0.8410185790794005,8,39,5.286780834197998,10,2,1000
binary_balanced,renyi_2.0,4,0.9733333333333334,0.9611640903764577,7,43,6.8496410846710205,10,2,1000
binary_balanced,tsallis_0.5,4,0.9766666666666667,0.8410185790794005,8,39,5.146660327911377,10,2,1000
binary_balanced,tsallis_1.3,4,0.9733333333333334,0.9611640903764577,7,43,6.679577112197876,10,2,1000
binary_balanced,tsallis_2.0,4,0.9733333333333334,0.9611640903764577,7,43,6.670387268066406,10,2,1000
binary_balanced,norm_tsallis_1.3,4,0.9733333333333334,0.9611640903764577,7,43,6.636251926422119,10,2,1000
binary_balanced,kumaraswamy,4,0.9466666666666667,1.922328180752915,7,31,7.779407501220703,10,2,1000
binary_balanced,cross_entropy,4,0.7066666666666667,10.57280499414103,13,29,18.15402054786682,10,2,1000
binary_balanced,kl_divergence,4,0.5,18.021826694558573,0,1,0.0009341239929199219,10,2,1000
binary_balanced,js_divergence,4,0.5,18.021826694558573,0,1,0.0012841224670410156,10,2,1000
binary_balanced,hellinger,4,0.5,18.021826694558573,0,1,0.000522613525390625,10,2,1000
binary_balanced,energy,4,0.5,18.021826694558573,0,1,0.0005197525024414062,10,2,1000
binary_balanced,polarization_3.5,4,0.9,3.6043653389117156,20,53,10.803676128387451,10,2,1000
binary_balanced,bregman_squared,4,0.5,18.021826694558573,0,1,0.002197742462158203,10,2,1000
binary_balanced,bregman_entropy,4,0.5,18.021826694558573,0,1,0.0006525516510009766,10,2,1000
binary_balanced,itc,4,0.9766666666666667,0.8410185790794004,12,43,8.873680830001831,10,2,1000
binary_balanced,itc_alpha1.3,4,0.9766666666666667,0.8410185790794004,12,43,8.913569927215576,10,2,1000
binary_balanced,itc_alpha1.7,4,0.9766666666666667,0.8410185790794004,12,43,8.749015092849731,10,2,1000
binary_balanced,shannon_polarization,4,0.9766666666666667,0.8410185790794004,11,41,9.493918657302856,10,2,1000
binary_balanced,tsallis_hellinger,4,0.9766666666666667,0.8410185790794005,6,33,11.325793027877808,10,2,1000
binary_imbalanced,gini,0,0.9466666666666667,1.922328180752915,10,81,10.029111385345459,10,2,1000
binary_imbalanced,shannon,0,0.94,2.1626192033470293,10,63,7.115808725357056,10,2,1000
binary_imbalanced,misclassification,0,0.94,2.1626192033470293,20,87,19.66338062286377,10,2,1000
binary_imbalanced,renyi_0.5,0,0.92,2.883492271129372,14,69,6.674009561538696,10,2,1000
binary_imbalanced,renyi_2.0,0,0.9433333333333334,2.042473692049972,13,83,16.599513292312622,10,2,1000
binary_imbalanced,tsallis_0.5,0,0.95,1.802182669455858,12,65,6.136932611465454,10,2,1000
binary_imbalanced,tsallis_1.3,0,0.9366666666666666,2.2827647146440864,8,65,9.505128622055054,10,2,1000
binary_imbalanced,tsallis_2.0,0,0.9466666666666667,1.922328180752915,10,81,12.24979829788208,10,2,1000
binary_imbalanced,norm_tsallis_1.3,0,0.9366666666666666,2.2827647146440864,8,65,8.960238456726074,10,2,1000
binary_imbalanced,kumaraswamy,0,0.94,2.1626192033470293,9,37,12.189052104949951,10,2,1000
binary_imbalanced,cross_entropy,0,0.8966666666666666,3.7245108502087723,13,27,18.086971521377563,10,2,1000
binary_imbalanced,kl_divergence,0,0.8966666666666666,3.7245108502087723,13,27,18.347129583358765,10,2,1000
binary_imbalanced,js_divergence,0,0.8966666666666666,3.7245108502087723,13,27,22.18917679786682,10,2,1000
binary_imbalanced,hellinger,0,0.8966666666666666,3.7245108502087723,13,27,19.043310165405273,10,2,1000
binary_imbalanced,energy,0,0.8966666666666666,3.7245108502087723,20,53,23.163349390029907,10,2,1000
binary_imbalanced,polarization_3.5,0,0.8966666666666666,3.7245108502087723,13,27,16.625904083251953,10,2,1000
binary_imbalanced,bregman_squared,0,0.8966666666666666,3.7245108502087723,13,27,20.56459665298462,10,2,1000
binary_imbalanced,bregman_entropy,0,0.8966666666666666,3.7245108502087723,13,27,29.571578979492188,10,2,1000
binary_imbalanced,itc,0,0.9566666666666667,1.5618916468617434,20,61,20.662474393844604,10,2,1000
binary_imbalanced,itc_alpha1.3,0,0.9566666666666667,1.5618916468617434,20,61,20.734015464782715,10,2,1000
binary_imbalanced,itc_alpha1.7,0,0.94,2.1626192033470293,20,53,25.936216592788696,10,2,1000
binary_imbalanced,shannon_polarization,0,0.9533333333333334,1.6820371581588005,14,61,12.270857095718384,10,2,1000
binary_imbalanced,tsallis_hellinger,0,0.9433333333333334,2.042473692049972,9,61,17.032368659973145,10,2,1000
binary_imbalanced,gini,1,0.9433333333333334,2.042473692049972,11,85,10.978711366653442,10,2,1000
binary_imbalanced,shannon,1,0.9533333333333334,1.6820371581588005,9,57,5.9717113971710205,10,2,1000
binary_imbalanced,misclassification,1,0.9266666666666666,2.6432012485352576,20,99,14.929353952407837,10,2,1000
binary_imbalanced,renyi_0.5,1,0.9333333333333333,2.4029102259411435,12,55,6.645112037658691,10,2,1000
binary_imbalanced,renyi_2.0,1,0.92,2.8834922711293722,14,91,18.0417640209198,10,2,1000
binary_imbalanced,tsallis_0.5,1,0.9333333333333333,2.4029102259411435,12,55,6.378403186798096,10,2,1000
binary_imbalanced,tsallis_1.3,1,0.9466666666666667,1.922328180752915,12,75,9.05125093460083,10,2,1000
binary_imbalanced,tsallis_2.0,1,0.9433333333333334,2.042473692049972,11,85,13.471291303634644,10,2,1000
binary_imbalanced,norm_tsallis_1.3,1,0.9466666666666667,1.922328180752915,12,75,9.128260135650635,10,2,1000
binary_imbalanced,kumaraswamy,1,0.9133333333333333,3.1237832937234864,9,31,12.538334846496582,10,2,1000
binary_imbalanced,cross_entropy,1,0.8966666666666666,3.7245108502087723,12,25,16.275376319885254,10,2,1000
binary_imbalanced,kl_divergence,1,0.8966666666666666,3.7245108502087723,12,25,16.47542095184326,10,2,1000
binary_imbalanced,js_divergence,1,0.8966666666666666,3.7245108502087723,12,25,19.881747007369995,10,2,1000
binary_imbalanced,hellinger,1,0.8966666666666666,3.7245108502087723,12,25,17.314384937286377,10,2,1000
binary_imbalanced,energy,1,0.8966666666666666,3.7245108502087723,20,57,21.282941818237305,10,2,1000
binary_imbalanced,polarization_3.5,1,0.8966666666666666,3.7245108502087723,12,25,14.857338666915894,10,2,1000
binary_imbalanced,bregman_squared,1,0.8966666666666666,3.7245108502087723,12,25,18.127341985702515,10,2,1000
binary_imbalanced,bregman_entropy,1,0.8966666666666666,3.7245108502087723,12,25,26.150070190429688,10,2,1000
binary_imbalanced,itc,1,0.94,2.1626192033470293,20,53,23.31648063659668,10,2,1000
binary_imbalanced,itc_alpha1.3,1,0.94,2.1626192033470293,20,53,23.540512084960938,10,2,1000
binary_imbalanced,itc_alpha1.7,1,0.9433333333333334,2.042473692049972,20,57,23.792124032974243,10,2,1000
binary_imbalanced,shannon_polarization,1,0.9366666666666666,2.2827647146440864,14,57,10.667241334915161,10,2,1000
binary_imbalanced,tsallis_hellinger,1,0.94,2.1626192033470293,10,67,17.35921049118042,10,2,1000
binary_imbalanced,gini,2,0.9366666666666666,2.2827647146440864,9,59,7.99865460395813,10,2,1000
binary_imbalanced,shannon,2,0.95,1.8021826694558578,10,49,6.77019190788269,10,2,1000
binary_imbalanced,misclassification,2,0.9066666666666666,3.364074316317601,20,103,17.783310174942017,10,2,1000
binary_imbalanced,renyi_0.5,2,0.94,2.1626192033470293,11,55,6.601404905319214,10,2,1000
binary_imbalanced,renyi_2.0,2,0.9333333333333333,2.4029102259411435,12,75,13.976792812347412,10,2,1000
binary_imbalanced,tsallis_0.5,2,0.94,2.1626192033470293,11,55,6.390253305435181,10,2,1000
binary_imbalanced,tsallis_1.3,2,0.9533333333333334,1.6820371581588005,11,59,8.182082414627075,10,2,1000
binary_imbalanced,tsallis_2.0,2,0.9366666666666666,2.2827647146440864,9,59,9.703624486923218,10,2,1000
binary_imbalanced,norm_tsallis_1.3,2,0.9533333333333334,1.6820371581588005,11,59,8.011458158493042,10,2,1000
binary_imbalanced,kumaraswamy,2,0.92,2.8834922711293722,7,25,9.634714365005493,10,2,1000
binary_imbalanced,cross_entropy,2,0.8966666666666666,3.724510850208773,11,23,15.778752565383911,10,2,1000
binary_imbalanced,kl_divergence,2,0.8966666666666666,3.724510850208773,11,23,15.975464582443237,10,2,1000
binary_imbalanced,js_divergence,2,0.8966666666666666,3.724510850208773,11,23,19.204090356826782,10,2,1000
binary_imbalanced,hellinger,2,0.8966666666666666,3.724510850208773,11,23,16.705050945281982,10,2,1000
binary_imbalanced,energy,2,0.8966666666666666,3.724510850208773,20,49,21.125144958496094,10,2,1000
binary_imbalanced,polarization_3.5,2,0.8966666666666666,3.724510850208773,11,23,14.30550479888916,10,2,1000
binary_imbalanced,bregman_squared,2,0.8966666666666666,3.724510850208773,11,23,17.870991706848145,10,2,1000
binary_imbalanced,bregman_entropy,2,0.8966666666666666,3.724510850208773,11,23,25.57404088973999,10,2,1000
binary_imbalanced,itc,2,0.93,2.5230557372382005,20,47,23.709625244140625,10,2,1000
binary_imbalanced,itc_alpha1.3,2,0.9333333333333333,2.4029102259411435,20,45,23.746418237686157,10,2,1000
binary_imbalanced,itc_alpha1.7,2,0.93,2.5230557372382005,20,49,23.744475603103638,10,2,1000
binary_imbalanced,shannon_polarization,2,0.9233333333333333,2.763346759832315,12,51,13.6334388256073,10,2,1000
binary_imbalanced,tsallis_hellinger,2,0.95,1.8021826694558578,9,45,14.994077205657959,10,2,1000
binary_imbalanced,gini,3,0.9066666666666666,3.364074316317601,10,75,10.013293027877808,10,2,1000
binary_imbalanced,shannon,3,0.91,3.2439288050205435,9,67,8.023374080657959,10,2,1000
binary_imbalanced,misclassification,3,0.8966666666666666,3.7245108502087723,20,73,18.065496683120728,10,2,1000
binary_imbalanced,renyi_0.5,3,0.93,2.523055737238201,12,53,6.267259836196899,10,2,1000
binary_imbalanced,renyi_2.0,3,0.92,2.8834922711293722,14,81,14.596394538879395,10,2,1000
binary_imbalanced,tsallis_0.5,3,0.93,2.523055737238201,12,53,6.056478023529053,10,2,1000
binary_imbalanced,tsallis_1.3,3,0.9166666666666666,3.0036377824264293,10,71,10.462796688079834,10,2,1000
binary_imbalanced,tsallis_2.0,3,0.9066666666666666,3.364074316317601,10,75,12.13512110710144,10,2,1000
binary_imbalanced,norm_tsallis_1.3,3,0.9166666666666666,3.0036377824264293,10,71,10.509408473968506,10,2,1000
binary_imbalanced,kumaraswamy,3,0.9,3.6043653389117156,16,53,15.736280918121338,10,2,1000
binary_imbalanced,cross_entropy,3,0.8966666666666666,3.7245108502087723,11,23,15.906517744064331,10,2,1000
binary_imbalanced,kl_divergence,3,0.8966666666666666,3.7245108502087723,11,23,16.069126844406128,10,2,1000
binary_imbalanced,js_divergence,3,0.8966666666666666,3.7245108502087723,11,23,19.529976844787598,10,2,1000
binary_imbalanced,hellinger,3,0.8966666666666666,3.7245108502087723,11,23,16.917869567871094,10,2,1000
binary_imbalanced,energy,3,0.8966666666666666,3.7245108502087723,20,53,22.60279941558838,10,2,1000
binary_imbalanced,polarization_3.5,3,0.8966666666666666,3.7245108502087723,11,23,14.572294235229492,10,2,1000
binary_imbalanced,bregman_squared,3,0.8966666666666666,3.7245108502087723,11,23,18.01499342918396,10,2,1000
binary_imbalanced,bregman_entropy,3,0.8966666666666666,3.7245108502087723,11,23,25.877732515335083,10,2,1000
binary_imbalanced,itc,3,0.9066666666666666,3.364074316317601,20,47,25.045471668243408,10,2,1000
binary_imbalanced,itc_alpha1.3,3,0.9066666666666666,3.364074316317601,20,71,19.92243003845215,10,2,1000
binary_imbalanced,itc_alpha1.7,3,0.9066666666666666,3.364074316317601,20,47,25.200128316879272,10,2,1000
binary_imbalanced,shannon_polarization,3,0.9466666666666667,1.922328180752915,15,65,13.017155170440674,10,2,1000
binary_imbalanced,tsallis_hellinger,3,0.9233333333333333,2.763346759832315,11,67,17.72601008415222,10,2,1000
binary_imbalanced,gini,4,0.9266666666666666,2.643201248535258,10,71,9.968307495117188,10,2,1000
binary_imbalanced,shannon,4,0.9266666666666666,2.6432012485352576,8,55,7.5522825717926025,10,2,1000
binary_imbalanced,misclassification,4,0.91,3.243928805020544,20,83,15.221245050430298,10,2,1000
binary_imbalanced,renyi_0.5,4,0.9433333333333334,2.042473692049972,12,61,6.2493462562561035,10,2,1000
binary_imbalanced,renyi_2.0,4,0.92,2.8834922711293722,15,87,16.056535005569458,10,2,1000
binary_imbalanced,tsallis_0.5,4,0.9333333333333333,2.4029102259411435,13,65,6.044431686401367,10,2,1000
binary_imbalanced,tsallis_1.3,4,0.9266666666666666,2.643201248535258,10,69,10.019545316696167,10,2,1000
binary_imbalanced,tsallis_2.0,4,0.9266666666666666,2.643201248535258,10,71,12.349485874176025,10,2,1000
binary_imbalanced,norm_tsallis_1.3,4,0.9266666666666666,2.643201248535258,10,69,9.88194465637207,10,2,1000
binary_imbalanced,kumaraswamy,4,0.9233333333333333,2.763346759832315,14,51,17.563057899475098,10,2,1000
binary_imbalanced,cross_entropy,4,0.8966666666666666,3.7245108502087723,13,27,17.7669620513916,10,2,1000
binary_imbalanced,kl_divergence,4,0.8966666666666666,3.7245108502087723,13,27,17.888922214508057,10,2,1000
binary_imbalanced,js_divergence,4,0.8966666666666666,3.7245108502087723,13,27,21.844367027282715,10,2,1000
binary_imbalanced,hellinger,4,0.8966666666666666,3.7245108502087723,13,27,18.694435358047485,10,2,1000
binary_imbalanced,energy,4,0.8966666666666666,3.7245108502087723,20,57,22.788108348846436,10,2,1000
binary_imbalanced,polarization_3.5,4,0.8966666666666666,3.7245108502087723,13,27,16.13494348526001,10,2,1000
binary_imbalanced,bregman_squared,4,0.8966666666666666,3.7245108502087723,13,27,19.88700556755066,10,2,1000
binary_imbalanced,bregman_entropy,4,0.8966666666666666,3.7245108502087723,13,27,28.698299407958984,10,2,1000
binary_imbalanced,itc,4,0.9166666666666666,3.0036377824264293,20,47,24.152758836746216,10,2,1000
binary_imbalanced,itc_alpha1.3,4,0.9166666666666666,3.0036377824264293,19,57,18.11709189414978,10,2,1000
binary_imbalanced,itc_alpha1.7,4,0.9166666666666666,3.0036377824264293,20,47,23.887805938720703,10,2,1000
binary_imbalanced,shannon_polarization,4,0.9166666666666666,3.0036377824264293,13,45,11.51749849319458,10,2,1000
binary_imbalanced,tsallis_hellinger,4,0.9133333333333333,3.1237832937234864,10,65,17.16445755958557,10,2,1000
multiclass_4,gini,0,0.82,6.487857610041087,15,269,17.399698734283447,12,4,1500
multiclass_4,shannon,0,0.8555555555555555,5.206305489539144,11,225,17.23533296585083,12,4,1500
multiclass_4,misclassification,0,0.8,7.20873067782343,19,295,21.465078592300415,12,4,1500
multiclass_4,renyi_0.5,0,0.7911111111111111,7.529118707948916,13,221,19.124071836471558,12,4,1500
multiclass_4,renyi_2.0,0,0.8,7.20873067782343,20,307,30.995970249176025,12,4,1500
multiclass_4,tsallis_0.5,0,0.8311111111111111,6.08737257238423,12,215,16.255052089691162,12,4,1500
multiclass_4,tsallis_1.3,0,0.82,6.487857610041087,12,237,18.988255739212036,12,4,1500
multiclass_4,tsallis_2.0,0,0.82,6.487857610041087,15,269,21.476054906845093,12,4,1500
multiclass_4,norm_tsallis_1.3,0,0.8155555555555556,6.6480516251038315,12,241,19.52673029899597,12,4,1500
multiclass_4,kumaraswamy,0,0.78,7.929603745605773,18,307,25.487831115722656,12,4,1500
multiclass_4,cross_entropy,0,0.36666666666666664,22.82764714644086,16,53,49.12437605857849,12,4,1500
multiclass_4,kl_divergence,0,0.2511111111111111,26.992691538072172,0,1,3.270660638809204,12,4,1500
multiclass_4,js_divergence,0,0.2511111111111111,26.992691538072172,0,1,3.9043684005737305,12,4,1500
multiclass_4,hellinger,0,0.2511111111111111,26.992691538072172,0,1,3.384772539138794,12,4,1500
multiclass_4,energy,0,0.2511111111111111,26.992691538072172,1,3,6.160260438919067,12,4,1500
multiclass_4,polarization_3.5,0,0.5533333333333333,16.09949851380566,20,177,34.05509972572327,12,4,1500
multiclass_4,bregman_squared,0,0.2511111111111111,26.992691538072172,0,1,3.6171374320983887,12,4,1500
multiclass_4,bregman_entropy,0,0.2511111111111111,26.992691538072172,0,1,5.0762200355529785,12,4,1500
multiclass_4,itc,0,0.8088888888888889,6.888342647697945,16,223,30.93063759803772,12,4,1500
multiclass_4,itc_alpha1.3,0,0.8311111111111111,6.087372572384231,15,215,29.005772829055786,12,4,1500
multiclass_4,itc_alpha1.7,0,0.7977777777777778,7.288827685354803,20,249,35.98313641548157,12,4,1500
multiclass_4,shannon_polarization,0,0.8422222222222222,5.686887534727373,13,219,29.661938190460205,12,4,1500
multiclass_4,tsallis_hellinger,0,0.8088888888888889,6.888342647697945,11,215,32.57541561126709,12,4,1500
multiclass_4,gini,1,0.8022222222222222,7.128633670292059,15,269,18.357279300689697,12,4,1500
multiclass_4,shannon,1,0.8155555555555556,6.648051625103831,10,223,16.75873899459839,12,4,1500
multiclass_4,misclassification,1,0.7644444444444445,8.490282798325374,20,289,25.327938556671143,12,4,1500
multiclass_4,renyi_0.5,1,0.78,7.929603745605774,16,209,17.170591831207275,12,4,1500
multiclass_4,renyi_2.0,1,0.7911111111111111,7.529118707948916,20,285,30.636988162994385,12,4,1500
multiclass_4,tsallis_0.5,1,0.8355555555555556,5.927178557321487,11,219,16.45428204536438,12,4,1500
multiclass_4,tsallis_1.3,1,0.8066666666666666,6.968439655229316,14,239,20.30580496788025,12,4,1500
multiclass_4,tsallis_2.0,1,0.8022222222222222,7.128633670292059,15,269,22.75161075592041,12,4,1500
multiclass_4,norm_tsallis_1.3,1,0.8111111111111111,6.808245640166573,15,257,21.95181179046631,12,4,1500
multiclass_4,kumaraswamy,1,0.7666666666666667,8.410185790794003,19,305,26.067244052886963,12,4,1500
multiclass_4,cross_entropy,1,0.3422222222222222,23.708714229285942,13,37,38.791828632354736,12,4,1500
multiclass_4,kl_divergence,1,0.2511111111111111,26.992691538072172,0,1,3.2967772483825684,12,4,1500
multiclass_4,js_divergence,1,0.2511111111111111,26.992691538072172,0,1,3.9058148860931396,12,4,1500
multiclass_4,hellinger,1,0.2511111111111111,26.992691538072172,0,1,3.3939762115478516,12,4,1500
multiclass_4,energy,1,0.25333333333333335,26.9125945305408,1,3,6.129831790924072,12,4,1500
multiclass_4,polarization_3.5,1,0.5622222222222222,15.779110483680173,20,143,33.78670001029968,12,4,1500
multiclass_4,bregman_squared,1,0.2511111111111111,26.992691538072172,0,1,3.6544864177703857,12,4,1500
multiclass_4,bregman_entropy,1,0.2511111111111111,26.992691538072172,0,1,5.141510725021362,12,4,1500
multiclass_4,itc,1,0.7622222222222222,8.570379805856746,20,283,36.43095874786377,12,4,1500
multiclass_4,itc_alpha1.3,1,0.7622222222222222,8.570379805856746,18,247,32.82759070396423,12,4,1500
multiclass_4,itc_alpha1.7,1,0.7911111111111111,7.529118707948916,16,251,34.321359157562256,12,4,1500
multiclass_4,shannon_polarization,1,0.7888888888888889,7.609215715480287,14,239,29.896536350250244,12,4,1500
multiclass_4,tsallis_hellinger,1,0.82,6.487857610041088,11,213,32.85132455825806,12,4,1500
multiclass_4,gini,2,0.7688888888888888,8.330088783262632,13,267,17.00728416442871,12,4,1500
multiclass_4,shannon,2,0.8044444444444444,7.0485366627606885,12,209,16.484641313552856,12,4,1500
multiclass_4,misclassification,2,0.7511111111111111,8.970864843513603,20,321,27.61941385269165,12,4,1500
multiclass_4,renyi_0.5,2,0.8311111111111111,6.087372572384231,12,239,16.73918914794922,12,4,1500
multiclass_4,renyi_2.0,2,0.7511111111111111,8.970864843513603,20,297,34.34908747673035,12,4,1500
multiclass_4,tsallis_0.5,2,0.8155555555555556,6.6480516251038315,12,223,16.40781569480896,12,4,1500
multiclass_4,tsallis_1.3,2,0.7866666666666666,7.68931272301166,12,239,20.637636184692383,12,4,1500
multiclass_4,tsallis_2.0,2,0.7688888888888888,8.330088783262632,13,267,21.119388818740845,12,4,1500
multiclass_4,norm_tsallis_1.3,2,0.7844444444444445,7.769409730543031,13,247,20.807963132858276,12,4,1500
multiclass_4,kumaraswamy,2,0.7733333333333333,8.169894768199887,18,273,25.94979190826416,12,4,1500
multiclass_4,cross_entropy,2,0.3244444444444444,24.349490289536917,13,31,42.57215595245361,12,4,1500
multiclass_4,kl_divergence,2,0.2511111111111111,26.992691538072172,0,1,3.3607020378112793,12,4,1500
multiclass_4,js_divergence,2,0.2511111111111111,26.992691538072172,0,1,3.954549551010132,12,4,1500
multiclass_4,hellinger,2,0.2511111111111111,26.992691538072172,0,1,3.431211471557617,12,4,1500
multiclass_4,energy,2,0.2511111111111111,26.992691538072172,0,1,3.1081888675689697,12,4,1500
multiclass_4,polarization_3.5,2,0.56,15.859207491211546,20,171,34.675074100494385,12,4,1500
multiclass_4,bregman_squared,2,0.2511111111111111,26.992691538072172,0,1,3.6834349632263184,12,4,1500
multiclass_4,bregman_entropy,2,0.2511111111111111,26.992691538072172,0,1,5.159488677978516,12,4,1500
multiclass_4,itc,2,0.8266666666666667,6.247566587446974,15,215,29.574389219284058,12,4,1500
multiclass_4,itc_alpha1.3,2,0.7933333333333333,7.4490217004175445,16,239,33.179545640945435,12,4,1500
multiclass_4,itc_alpha1.7,2,0.8088888888888889,6.888342647697945,20,261,41.8927161693573,12,4,1500
multiclass_4,shannon_polarization,2,0.84,5.7669845422587445,13,207,30.49658703804016,12,4,1500
multiclass_4,tsallis_hellinger,2,0.8,7.20873067782343,13,203,32.69716763496399,12,4,1500
multiclass_4,gini,3,0.7955555555555556,7.368924692886174,15,259,18.317739725112915,12,4,1500
multiclass_4,shannon,3,0.8244444444444444,6.327663594978344,11,229,17.678251028060913,12,4,1500
multiclass_4,misclassification,3,0.78,7.929603745605774,20,303,25.909886360168457,12,4,1500
multiclass_4,renyi_0.5,3,0.8177777777777778,6.567954617572458,13,195,17.84583020210266,12,4,1500
multiclass_4,renyi_2.0,3,0.7777777777777778,8.009700753137144,20,307,31.460940837860107,12,4,1500
multiclass_4,tsallis_0.5,3,0.8044444444444444,7.048536662760687,12,191,16.689481496810913,12,4,1500
multiclass_4,tsallis_1.3,3,0.8022222222222222,7.12863367029206,15,239,19.959453105926514,12,4,1500
multiclass_4,tsallis_2.0,3,0.7955555555555556,7.368924692886174,15,259,22.78844928741455,12,4,1500
multiclass_4,norm_tsallis_1.3,3,0.7933333333333333,7.4490217004175445,13,249,20.96944761276245,12,4,1500
multiclass_4,kumaraswamy,3,0.74,9.37134988117046,18,329,28.892446279525757,12,4,1500
multiclass_4,cross_entropy,3,0.36,23.06793816903497,15,61,47.02414584159851,12,4,1500
multiclass_4,kl_divergence,3,0.2511111111111111,26.992691538072172,0,1,3.311009168624878,12,4,1500
multiclass_4,js_divergence,3,0.2511111111111111,26.992691538072172,0,1,4.023700475692749,12,4,1500
multiclass_4,hellinger,3,0.2511111111111111,26.992691538072172,0,1,3.4563944339752197,12,4,1500
multiclass_4,energy,3,0.25555555555555554,26.83249752300943,1,3,6.30256724357605,12,4,1500
multiclass_4,polarization_3.5,3,0.5866666666666667,14.898043400835087,20,121,29.110734462738037,12,4,1500
multiclass_4,bregman_squared,3,0.2511111111111111,26.992691538072172,0,1,3.727989435195923,12,4,1500
multiclass_4,bregman_entropy,3,0.2511111111111111,26.992691538072172,0,1,5.2789387702941895,12,4,1500
multiclass_4,itc,3,0.8133333333333334,6.728148632635202,18,235,36.16842436790466,12,4,1500
multiclass_4,itc_alpha1.3,3,0.8022222222222222,7.12863367029206,20,243,37.06014919281006,12,4,1500
multiclass_4,itc_alpha1.7,3,0.8111111111111111,6.808245640166573,14,227,36.095784187316895,12,4,1500
multiclass_4,shannon_polarization,3,0.8177777777777778,6.567954617572459,14,233,32.22770547866821,12,4,1500
multiclass_4,tsallis_hellinger,3,0.7866666666666666,7.68931272301166,10,221,34.70781683921814,12,4,1500
multiclass_4,gini,4,0.8333333333333334,6.007275564852858,13,251,16.63437032699585,12,4,1500
multiclass_4,shannon,4,0.8177777777777778,6.567954617572459,12,233,17.291893243789673,12,4,1500
multiclass_4,misclassification,4,0.7644444444444445,8.490282798325373,20,339,24.154078722000122,12,4,1500
multiclass_4,renyi_0.5,4,0.8622222222222222,4.96601446694503,13,217,17.159151554107666,12,4,1500
multiclass_4,renyi_2.0,4,0.7844444444444445,7.769409730543031,20,303,29.58109402656555,12,4,1500
multiclass_4,tsallis_0.5,4,0.8577777777777778,5.126208482007773,11,211,16.332532167434692,12,4,1500
multiclass_4,tsallis_1.3,4,0.8066666666666666,6.968439655229316,15,239,20.67818570137024,12,4,1500
multiclass_4,tsallis_2.0,4,0.8333333333333334,6.007275564852858,13,251,20.598958730697632,12,4,1500
multiclass_4,norm_tsallis_1.3,4,0.7866666666666666,7.689312723011659,15,263,20.931647300720215,12,4,1500
multiclass_4,kumaraswamy,4,0.8133333333333334,6.728148632635202,16,295,25.763339042663574,12,4,1500
multiclass_4,cross_entropy,4,0.35555555555555557,23.228132184097717,20,67,56.591026067733765,12,4,1500
multiclass_4,kl_divergence,4,0.2511111111111111,26.992691538072172,0,1,3.2628519535064697,12,4,1500
multiclass_4,js_divergence,4,0.2511111111111111,26.992691538072172,0,1,3.8860065937042236,12,4,1500
multiclass_4,hellinger,4,0.2511111111111111,26.992691538072172,0,1,3.4007182121276855,12,4,1500
multiclass_4,energy,4,0.2511111111111111,26.992691538072172,1,3,6.2242748737335205,12,4,1500
multiclass_4,polarization_3.5,4,0.5822222222222222,15.05823741589783,20,139,31.98626708984375,12,4,1500
multiclass_4,bregman_squared,4,0.2511111111111111,26.992691538072172,0,1,3.623352289199829,12,4,1500
multiclass_4,bregman_entropy,4,0.2511111111111111,26.992691538072172,0,1,5.099586725234985,12,4,1500
multiclass_4,itc,4,0.8044444444444444,7.048536662760687,14,247,32.14398956298828,12,4,1500
multiclass_4,itc_alpha1.3,4,0.8244444444444444,6.327663594978344,14,249,32.142518281936646,12,4,1500
multiclass_4,itc_alpha1.7,4,0.7911111111111111,7.529118707948916,20,253,36.730721950531006,12,4,1500
multiclass_4,shannon_polarization,4,0.8133333333333334,6.728148632635202,12,255,30.713781356811523,12,4,1500
multiclass_4,tsallis_hellinger,4,0.7955555555555556,7.368924692886174,12,219,34.50812816619873,12,4,1500
